INSERT INTO public.users VALUES ('fd5f083c-6ffc-df32-89ca-a4044b5723f5', 'demo_individual@sigmasight.com', '$2b$12$hhlM6FNG5jkfH7uAlfKo.uxfBVa4khu2jRLC5s33mmq9lFdk0iWde', 'Demo Individual Investor', true, '2025-09-30 02:43:59.200467+00', '2025-09-30 02:43:59.200467+00');
INSERT INTO public.users VALUES ('9dacfb0f-2123-7a94-debc-0f982b90d845', 'demo_hnw@sigmasight.com', '$2b$12$zuhsoHMpT1oJr7nqUsXiR.AV.n9jgTKURjuSjvnJhiunjle3vpayW', 'Demo High Net Worth Investor', true, '2025-09-30 02:43:59.400238+00', '2025-09-30 02:43:59.400238+00');
INSERT INTO public.users VALUES ('b13cd6e9-6a6e-c644-8a44-e710b2868e54', 'demo_hedgefundstyle@sigmasight.com', '$2b$12$.WTbQter2zlPXiG87g7bM.Wz.WsP3Y7JFvKZo1EgO/4hKQqmjMwFm', 'Demo Hedge Fund Style Investor', true, '2025-09-30 02:43:59.601305+00', '2025-09-30 02:43:59.601305+00');
INSERT INTO public.users VALUES ('24fd779c-a905-5ff3-8e0a-97c13aed8b7c', 'bbalbale@gmail.com', '$2b$12$IEc0zqziT1P2UONsALoco.1zxZPWfBgQg84zk/zBq7vj5pVLjY6R.', 'Ben Balbale', true, '2025-11-03 07:51:22.287923+00', '2025-11-03 07:51:22.287923+00');
INSERT INTO public.users VALUES ('26ea8d3f-f4ae-739a-58b7-8fb46237ff92', 'demo_familyoffice@sigmasight.com', '$2b$12$fYRdI36QBJKsF20vF3bdl.t0nBEchA4ZCH7IwLqXT.8xLy5K7bcbC', 'Demo Family Office Manager', true, '2025-11-04 07:43:58.835654+00', '2025-11-04 07:43:58.836654+00');
INSERT INTO public.users VALUES ('948a4455-6b54-4c2c-b7c0-435a3d17a53b', '73a629ca@example.com', 'test', 'Equity Balance User', true, '2025-11-04 08:19:52.6809+00', '2025-11-04 08:19:52.6809+00');
INSERT INTO public.portfolios VALUES ('2c251ae0-bdd2-4354-ba29-3e4ce929ad38', '948a4455-6b54-4c2c-b7c0-435a3d17a53b', 'Equity Balance Portfolio', NULL, 'USD', 10000.00, '2025-11-04 08:19:52.681924+00', '2025-11-08 01:11:44.440118+00', NULL, 'Equity Account', 'taxable', true);
INSERT INTO public.portfolios VALUES ('ab46c3c0-ed71-6f5b-b3f3-d36fa65e210c', '26ea8d3f-f4ae-739a-58b7-8fb46237ff92', 'Demo Family Office Private Opportunities', 'Private market and real asset sleeve emphasizing income, diversification, and inflation protection.', 'USD', 950000.00, '2025-11-04 07:45:31.830434+00', '2025-11-12 14:41:34.697236+00', NULL, 'Demo Family Office Private Opportunities', 'taxable', true);
INSERT INTO public.portfolios VALUES ('1d8ddd95-3b45-0ac5-35bf-cf81af94a5fe', 'fd5f083c-6ffc-df32-89ca-a4044b5723f5', 'Demo Individual Investor Portfolio', 'Individual investor with 401k, IRA, and taxable accounts. Core holdings with growth tilt, heavy mutual fund allocation.', 'USD', 540142.00, '2025-10-30 05:16:47.112847+00', '2025-11-12 14:41:58.104102+00', NULL, 'Demo Individual Investor Portfolio', 'taxable', true);
INSERT INTO public.portfolios VALUES ('e23ab931-a033-edfe-ed4f-9d02474780b4', '9dacfb0f-2123-7a94-debc-0f982b90d845', 'Demo High Net Worth Investor Portfolio', 'High net worth individual with access to private investments. Diversified across public markets with alternative investments.', 'USD', 3037110.18, '2025-10-30 05:16:47.152707+00', '2025-11-12 14:41:59.31851+00', NULL, 'Demo High Net Worth Investor Portfolio', 'taxable', true);
INSERT INTO public.portfolios VALUES ('fcd71196-e93e-f000-5a74-31a9eead3118', 'b13cd6e9-6a6e-c644-8a44-e710b2868e54', 'Demo Hedge Fund Style Investor Portfolio', 'Sophisticated trader with derivatives access. Market-neutral with volatility trading and options overlay.', 'USD', 3623083.95, '2025-10-30 05:16:47.196359+00', '2025-11-12 14:42:00.114406+00', NULL, 'Demo Hedge Fund Style Investor Portfolio', 'taxable', true);
INSERT INTO public.portfolios VALUES ('9381dd8d-db58-9843-f5e4-4eea0ae62e9a', '26ea8d3f-f4ae-739a-58b7-8fb46237ff92', 'Demo Family Office Public Growth', 'Public markets growth sleeve for the family office combining thematic ETFs with quality compounders and defensive yield.', 'USD', 1363566.91, '2025-11-04 07:43:58.842648+00', '2025-11-12 14:42:01.122841+00', NULL, 'Demo Family Office Public Growth', 'taxable', true);
INSERT INTO public.positions VALUES ('1bd4416b-cbb2-6c25-842e-6ddc4ffafd72', 'e23ab931-a033-edfe-ed4f-9d02474780b4', 'BX_PRIVATE_EQUITY', 'LONG', 1.0100, 253058.8600, '2025-06-30', NULL, NULL, NULL, NULL, NULL, 'PRIVATE', NULL, NULL, NULL, NULL, NULL, '2025-10-30 05:16:47.179708+00', '2025-11-11 08:00:38.747668+00', NULL, NULL);
INSERT INTO public.positions VALUES ('1c3d1867-fa80-793a-fcc3-d657fa77ac67', 'e23ab931-a033-edfe-ed4f-9d02474780b4', 'HOME_EQUITY', 'LONG', 1.0300, 253059.8000, '2025-06-30', NULL, NULL, NULL, NULL, NULL, 'PRIVATE', NULL, NULL, NULL, NULL, NULL, '2025-10-30 05:16:47.184708+00', '2025-11-11 08:00:38.747668+00', NULL, NULL);
INSERT INTO public.positions VALUES ('1cde84b7-e0bf-96fd-330d-96c7b670d183', 'e23ab931-a033-edfe-ed4f-9d02474780b4', 'CRYPTO_BTC_ETH', 'LONG', 1.0100, 37958.9700, '2025-06-30', NULL, NULL, NULL, NULL, NULL, 'PRIVATE', NULL, NULL, NULL, NULL, NULL, '2025-10-30 05:16:47.188707+00', '2025-11-11 08:00:38.747668+00', NULL, NULL);
INSERT INTO public.positions VALUES ('2d221962-d6cf-b117-f98d-26ffc9adac64', 'e23ab931-a033-edfe-ed4f-9d02474780b4', 'TWO_SIGMA_FUND', 'LONG', 1.0100, 126529.9000, '2025-06-30', NULL, NULL, NULL, NULL, NULL, 'PRIVATE', 'HEDGE_FUND', NULL, NULL, NULL, NULL, '2025-10-30 05:16:47.183708+00', '2025-11-11 08:00:38.747668+00', NULL, NULL);
INSERT INTO public.positions VALUES ('33390905-d329-1fe2-4fdd-5d13be277ea9', 'e23ab931-a033-edfe-ed4f-9d02474780b4', 'STARWOOD_REIT', 'LONG', 1.0100, 126529.9000, '2025-06-30', NULL, NULL, NULL, NULL, NULL, 'PRIVATE', 'PRIVATE_REIT', NULL, NULL, NULL, NULL, '2025-10-30 05:16:47.182707+00', '2025-11-11 08:00:38.747668+00', NULL, NULL);
INSERT INTO public.positions VALUES ('6aff6a5e-e713-cafb-6c0e-d1638f80cb46', 'e23ab931-a033-edfe-ed4f-9d02474780b4', 'RENTAL_CONDO', 'LONG', 1.0100, 126529.9000, '2025-06-30', NULL, NULL, NULL, NULL, NULL, 'PRIVATE', NULL, NULL, NULL, NULL, NULL, '2025-10-30 05:16:47.186707+00', '2025-11-11 08:00:38.747668+00', NULL, NULL);
INSERT INTO public.positions VALUES ('7b5113a4-3010-10e9-5a58-520aec2bb82a', 'e23ab931-a033-edfe-ed4f-9d02474780b4', 'RENTAL_SFH', 'LONG', 1.0100, 126529.9000, '2025-06-30', NULL, NULL, NULL, NULL, NULL, 'PRIVATE', NULL, NULL, NULL, NULL, NULL, '2025-10-30 05:16:47.187708+00', '2025-11-11 08:00:38.747668+00', NULL, NULL);
INSERT INTO public.positions VALUES ('dd0aea39-ea39-2388-d3f6-8c1291dccc3c', 'e23ab931-a033-edfe-ed4f-9d02474780b4', 'A16Z_VC_FUND', 'LONG', 1.0100, 126529.9000, '2025-06-30', NULL, NULL, NULL, NULL, NULL, 'PRIVATE', NULL, NULL, NULL, NULL, NULL, '2025-10-30 05:16:47.180708+00', '2025-11-11 08:00:38.747668+00', NULL, NULL);
INSERT INTO public.positions VALUES ('ed2e1fe8-62fa-cd83-6d0b-be59d324391d', 'e23ab931-a033-edfe-ed4f-9d02474780b4', 'ART_COLLECTIBLES', 'LONG', 1.0100, 25305.9800, '2025-06-30', NULL, NULL, NULL, NULL, NULL, 'PRIVATE', NULL, NULL, NULL, NULL, NULL, '2025-10-30 05:16:47.190708+00', '2025-11-11 08:00:38.747668+00', NULL, NULL);
INSERT INTO public.positions VALUES ('10980603-f85e-6dfa-bdea-cfac73bb8a59', 'fcd71196-e93e-f000-5a74-31a9eead3118', 'MSFT250919P00380000', 'SP', -151.3000, 0.0000, '2025-06-30', NULL, NULL, 'MSFT', 380.0000, '2025-09-19', 'OPTIONS', NULL, NULL, NULL, NULL, NULL, '2025-10-30 05:16:47.233949+00', '2025-11-11 08:00:38.759389+00', NULL, NULL);
INSERT INTO public.positions VALUES ('2046c1d9-384b-11df-4049-513786ed4cb4', 'fcd71196-e93e-f000-5a74-31a9eead3118', 'AAPL250815P00200000', 'SP', -188.3900, 0.0000, '2025-06-30', NULL, NULL, 'AAPL', 200.0000, '2025-08-15', 'OPTIONS', NULL, NULL, NULL, NULL, NULL, '2025-10-30 05:16:47.232948+00', '2025-11-11 08:00:38.759389+00', NULL, NULL);
INSERT INTO public.positions VALUES ('7f202101-aed8-6df6-7571-d556b8e6a7d7', 'fcd71196-e93e-f000-5a74-31a9eead3118', 'META250919P00450000', 'SP', -94.6800, 0.0000, '2025-06-30', NULL, NULL, 'META', 450.0000, '2025-09-19', 'OPTIONS', NULL, NULL, NULL, NULL, NULL, '2025-10-30 05:16:47.236949+00', '2025-11-11 08:00:38.759389+00', NULL, NULL);
INSERT INTO public.positions VALUES ('efb60407-c63a-0c21-8bdb-5673314ff23a', 'fcd71196-e93e-f000-5a74-31a9eead3118', 'NVDA251017C00800000', 'LC', 94.6900, 0.0000, '2025-06-30', NULL, NULL, 'NVDA', 800.0000, '2025-10-17', 'OPTIONS', NULL, NULL, NULL, NULL, NULL, '2025-10-30 05:16:47.23195+00', '2025-11-11 08:00:38.759389+00', NULL, NULL);
INSERT INTO public.positions VALUES ('1e460b5d-2182-13a9-c0c7-7f1c6bffec83', 'e23ab931-a033-edfe-ed4f-9d02474780b4', 'MONEY_MARKET', 'LONG', 1.0100, 50611.9600, '2025-06-30', NULL, NULL, NULL, NULL, NULL, 'PRIVATE', NULL, NULL, NULL, NULL, NULL, '2025-10-30 05:16:47.191708+00', '2025-11-11 08:00:38.747668+00', NULL, NULL);
INSERT INTO public.positions VALUES ('a8b4db78-6223-df21-5011-aefc7a0517b7', 'e23ab931-a033-edfe-ed4f-9d02474780b4', 'TREASURY_BILLS', 'LONG', 1.0100, 25305.9800, '2025-06-30', NULL, NULL, NULL, NULL, NULL, 'PRIVATE', NULL, NULL, NULL, NULL, NULL, '2025-10-30 05:16:47.192707+00', '2025-11-11 08:00:38.747668+00', NULL, NULL);
INSERT INTO public.positions VALUES ('1af2e26f-347c-1ef0-fd8c-76dd7499c7a6', 'fcd71196-e93e-f000-5a74-31a9eead3118', 'VIX250716C00025000', 'LC', 566.1900, 0.0000, '2025-06-30', NULL, NULL, 'VIX', 25.0000, '2025-07-16', 'OPTIONS', NULL, NULL, NULL, NULL, NULL, '2025-10-30 05:16:47.22995+00', '2025-11-11 08:00:38.759389+00', NULL, NULL);
INSERT INTO public.positions VALUES ('094fd18f-ed2f-62dd-511d-7178dce2e767', 'fcd71196-e93e-f000-5a74-31a9eead3118', 'TSLA', 'LONG', 710.6700, 317.6600, '2025-06-30', NULL, NULL, NULL, NULL, NULL, 'PUBLIC', NULL, 439.6200, 312424.75, 86673.31, NULL, '2025-10-30 05:16:47.206358+00', '2025-11-12 14:42:01.51575+00', NULL, NULL);
INSERT INTO public.positions VALUES ('096752f1-05fa-f5e9-e4fc-3a412f672fbe', 'fcd71196-e93e-f000-5a74-31a9eead3118', 'PTON', 'SHORT', -2517.4700, 6.9400, '2025-06-30', NULL, NULL, NULL, NULL, NULL, 'PUBLIC', NULL, 7.4700, -18805.50, -1334.26, NULL, '2025-10-30 05:16:47.219359+00', '2025-11-12 14:42:01.51575+00', NULL, NULL);
INSERT INTO public.positions VALUES ('0ca7cde1-355d-1a73-84f4-1901705a07c4', 'fcd71196-e93e-f000-5a74-31a9eead3118', 'F', 'SHORT', -8392.8800, 10.5838, '2025-06-30', NULL, NULL, NULL, NULL, NULL, 'PUBLIC', NULL, 13.3000, -111625.30, -22796.74, NULL, '2025-10-30 05:16:47.223359+00', '2025-11-12 14:42:01.515751+00', NULL, NULL);
INSERT INTO public.positions VALUES ('107539e7-afd1-71e2-3eb0-aa0a6c91b259', 'e23ab931-a033-edfe-ed4f-9d02474780b4', 'AAPL', 'LONG', 307.6500, 204.9374, '2025-06-30', NULL, NULL, NULL, NULL, NULL, 'PUBLIC', NULL, 275.2500, 84680.66, 21631.67, NULL, '2025-10-30 05:16:47.158709+00', '2025-11-12 14:42:01.515752+00', NULL, NULL);
INSERT INTO public.positions VALUES ('2af687c0-0529-de96-5499-8c2774d9727c', 'fcd71196-e93e-f000-5a74-31a9eead3118', 'AMD', 'LONG', 1066.0100, 141.9000, '2025-06-30', NULL, NULL, NULL, NULL, NULL, 'PUBLIC', NULL, 237.5200, 253198.70, 101931.88, NULL, '2025-10-30 05:16:47.207358+00', '2025-11-12 14:42:01.515754+00', NULL, NULL);
INSERT INTO public.positions VALUES ('2e76baee-3097-5418-84ae-5095e3f0addf', 'fcd71196-e93e-f000-5a74-31a9eead3118', 'ROKU', 'SHORT', -1511.0700, 87.8900, '2025-06-30', NULL, NULL, NULL, NULL, NULL, 'PUBLIC', NULL, 106.7900, -161367.17, -28559.22, NULL, '2025-10-30 05:16:47.220358+00', '2025-11-12 14:42:01.515755+00', NULL, NULL);
INSERT INTO public.positions VALUES ('3610c599-a766-511f-42d8-5173142ba02c', 'fcd71196-e93e-f000-5a74-31a9eead3118', 'BRK-B', 'LONG', 533.0000, 485.7700, '2025-06-30', NULL, NULL, NULL, NULL, NULL, 'PUBLIC', NULL, 497.0700, 264938.31, 6022.90, NULL, '2025-10-30 05:16:47.208358+00', '2025-11-12 14:42:01.515757+00', NULL, NULL);
INSERT INTO public.positions VALUES ('389053f7-623a-3b82-a923-a456aa48bb8d', 'fcd71196-e93e-f000-5a74-31a9eead3118', 'JPM', 'LONG', 888.3400, 287.1241, '2025-06-30', NULL, NULL, NULL, NULL, NULL, 'PUBLIC', NULL, 315.6200, 280377.87, 25314.05, NULL, '2025-10-30 05:16:47.21036+00', '2025-11-12 14:42:01.515757+00', NULL, NULL);
INSERT INTO public.positions VALUES ('3a13a07c-2f9b-aed1-bce7-3c4b918b3bbc', 'fcd71196-e93e-f000-5a74-31a9eead3118', 'UNH', 'LONG', 177.6600, 310.0142, '2025-06-30', NULL, NULL, NULL, NULL, NULL, 'PUBLIC', NULL, 327.4500, 58174.77, 3097.64, NULL, '2025-10-30 05:16:47.212359+00', '2025-11-12 14:42:01.515758+00', NULL, NULL);
INSERT INTO public.positions VALUES ('4855c0eb-5233-2ee0-b2f2-34757d3351fd', 'e23ab931-a033-edfe-ed4f-9d02474780b4', 'HD', 'LONG', 96.7700, 364.5717, '2025-06-30', NULL, NULL, NULL, NULL, NULL, 'PUBLIC', NULL, 374.2400, 36215.20, 935.60, NULL, '2025-10-30 05:16:47.173707+00', '2025-11-12 14:42:01.51576+00', NULL, NULL);
INSERT INTO public.positions VALUES ('5043655b-993b-48b7-5df1-3e2d22ccc17d', 'fcd71196-e93e-f000-5a74-31a9eead3118', 'SHOP', 'SHORT', -839.4800, 115.3500, '2025-06-30', NULL, NULL, NULL, NULL, NULL, 'PUBLIC', NULL, 158.9400, -133426.95, -36592.93, NULL, '2025-10-30 05:16:47.216359+00', '2025-11-12 14:42:01.515761+00', NULL, NULL);
INSERT INTO public.positions VALUES ('52989843-bbca-7098-5010-41291ec224cd', 'e23ab931-a033-edfe-ed4f-9d02474780b4', 'NVDA', 'LONG', 53.9800, 157.9811, '2025-06-30', NULL, NULL, NULL, NULL, NULL, 'PUBLIC', NULL, 193.1600, 10426.78, 1898.96, NULL, '2025-10-30 05:16:47.168708+00', '2025-11-12 14:42:01.515762+00', NULL, NULL);
INSERT INTO public.positions VALUES ('70a4f937-2de7-2ed2-a32f-0036f6ad4122', 'fcd71196-e93e-f000-5a74-31a9eead3118', 'XOM', 'SHORT', -1677.9900, 106.8061, '2025-06-30', NULL, NULL, NULL, NULL, NULL, 'PUBLIC', NULL, 119.7800, -200989.64, -21770.07, NULL, '2025-10-30 05:16:47.221359+00', '2025-11-12 14:42:01.515765+00', NULL, NULL);
INSERT INTO public.positions VALUES ('78e05cfb-ea86-0d3b-ddfb-9d6e82142067', 'fcd71196-e93e-f000-5a74-31a9eead3118', 'ZM', 'SHORT', -1677.9900, 77.9800, '2025-06-30', NULL, NULL, NULL, NULL, NULL, 'PUBLIC', NULL, 84.5900, -141941.17, -11091.51, NULL, '2025-10-30 05:16:47.217359+00', '2025-11-12 14:42:01.515765+00', NULL, NULL);
INSERT INTO public.positions VALUES ('7e8fe791-b5c7-3ae6-3203-030f02576429', 'e23ab931-a033-edfe-ed4f-9d02474780b4', 'UNH', 'LONG', 65.1900, 310.0142, '2025-06-30', NULL, NULL, NULL, NULL, NULL, 'PUBLIC', NULL, 327.4500, 21346.47, 1136.64, NULL, '2025-10-30 05:16:47.171708+00', '2025-11-12 14:42:01.515766+00', NULL, NULL);
INSERT INTO public.positions VALUES ('82239f2b-bf0b-bcf7-cbf8-7f963121ba38', 'fcd71196-e93e-f000-5a74-31a9eead3118', 'META', 'LONG', 888.3400, 737.5922, '2025-06-30', NULL, NULL, NULL, NULL, NULL, 'PUBLIC', NULL, 627.0800, 557060.25, -98172.41, NULL, '2025-10-30 05:16:47.203358+00', '2025-11-12 14:42:01.515768+00', NULL, NULL);
INSERT INTO public.positions VALUES ('8234f55a-af20-c006-0291-8d13411f51e2', 'e23ab931-a033-edfe-ed4f-9d02474780b4', 'MSFT', 'LONG', 153.8200, 496.5937, '2025-06-30', NULL, NULL, NULL, NULL, NULL, 'PUBLIC', NULL, 508.6800, 78245.16, 1859.11, NULL, '2025-10-30 05:16:47.160707+00', '2025-11-12 14:42:01.515769+00', NULL, NULL);
INSERT INTO public.positions VALUES ('8eda2c09-0b98-33ed-97ee-5eebe861d31f', 'fcd71196-e93e-f000-5a74-31a9eead3118', 'QQQ250815C00420000', 'LC', 283.0900, 0.0000, '2025-06-30', NULL, NULL, 'QQQ', 420.0000, '2025-08-15', 'OPTIONS', NULL, NULL, NULL, NULL, NULL, '2025-10-30 05:16:47.228949+00', '2025-11-11 08:00:38.759389+00', NULL, NULL);
INSERT INTO public.positions VALUES ('ad02481b-7509-f941-f936-f99599b4e96d', 'fcd71196-e93e-f000-5a74-31a9eead3118', 'SPY250919C00460000', 'LC', 377.7800, 0.0000, '2025-06-30', NULL, NULL, 'SPY', 460.0000, '2025-09-19', 'OPTIONS', NULL, NULL, NULL, NULL, NULL, '2025-10-30 05:16:47.22795+00', '2025-11-11 08:00:38.759389+00', NULL, NULL);
INSERT INTO public.positions VALUES ('f0fd08cd-4d6e-6658-d342-514c6cb2d6e9', 'fcd71196-e93e-f000-5a74-31a9eead3118', 'TSLA250815C00300000', 'SC', -113.2300, 0.0000, '2025-06-30', NULL, NULL, 'TSLA', 300.0000, '2025-08-15', 'OPTIONS', NULL, NULL, NULL, NULL, NULL, '2025-10-30 05:16:47.23595+00', '2025-11-11 08:00:38.759389+00', NULL, NULL);
INSERT INTO public.positions VALUES ('8a269c3a-f4c2-3755-1154-b20ae8f52a81', 'ab46c3c0-ed71-6f5b-b3f3-d36fa65e210c', 'FO_ART_COLLECTIVE', 'LONG', 1.0000, 29081.6300, '2025-06-30', NULL, NULL, NULL, NULL, NULL, 'PRIVATE', NULL, NULL, NULL, NULL, NULL, '2025-11-12 14:41:34.700264+00', '2025-11-12 14:41:34.700266+00', NULL, NULL);
INSERT INTO public.positions VALUES ('7fa0b288-1be5-9765-372f-2142bc0b3114', 'ab46c3c0-ed71-6f5b-b3f3-d36fa65e210c', 'FO_CRYPTO_DIGITAL', 'LONG', 1.0000, 29081.6300, '2025-06-30', NULL, NULL, NULL, NULL, NULL, 'PRIVATE', NULL, NULL, NULL, NULL, NULL, '2025-11-12 14:41:34.708095+00', '2025-11-12 14:41:34.708097+00', NULL, NULL);
INSERT INTO public.positions VALUES ('1a7e29c7-9086-1ace-900a-d437f2cd61de', 'ab46c3c0-ed71-6f5b-b3f3-d36fa65e210c', 'FO_GROWTH_PE', 'LONG', 1.0000, 203571.4300, '2025-06-30', NULL, NULL, NULL, NULL, NULL, 'PRIVATE', NULL, NULL, NULL, NULL, NULL, '2025-11-12 14:41:34.716839+00', '2025-11-12 14:41:34.716842+00', NULL, NULL);
INSERT INTO public.positions VALUES ('ee8c54f3-6e31-e80c-f372-f299916aec5b', 'ab46c3c0-ed71-6f5b-b3f3-d36fa65e210c', 'FO_HOME_RENTAL', 'LONG', 1.0000, 82397.9600, '2025-06-30', NULL, NULL, NULL, NULL, NULL, 'PRIVATE', NULL, NULL, NULL, NULL, NULL, '2025-11-12 14:41:34.725769+00', '2025-11-12 14:41:34.725771+00', NULL, NULL);
INSERT INTO public.positions VALUES ('238f4685-b3f2-0020-4b72-7bc3ea9128a3', 'ab46c3c0-ed71-6f5b-b3f3-d36fa65e210c', 'FO_IMPACT_LENDING', 'LONG', 1.0000, 53316.3300, '2025-06-30', NULL, NULL, NULL, NULL, NULL, 'PRIVATE', NULL, NULL, NULL, NULL, NULL, '2025-11-12 14:41:34.735175+00', '2025-11-12 14:41:34.735177+00', NULL, NULL);
INSERT INTO public.positions VALUES ('d92da000-9e40-6ac9-2002-299426c10286', 'ab46c3c0-ed71-6f5b-b3f3-d36fa65e210c', 'FO_INFRASTRUCTURE', 'LONG', 1.0000, 87244.9000, '2025-06-30', NULL, NULL, NULL, NULL, NULL, 'PRIVATE', NULL, NULL, NULL, NULL, NULL, '2025-11-12 14:41:34.74439+00', '2025-11-12 14:41:34.744393+00', NULL, NULL);
INSERT INTO public.positions VALUES ('ec41c8d0-8240-8dee-fd2c-572f7f09bf09', 'ab46c3c0-ed71-6f5b-b3f3-d36fa65e210c', 'FO_PRIVATE_CREDIT', 'LONG', 1.0000, 218112.2500, '2025-06-30', NULL, NULL, NULL, NULL, NULL, 'PRIVATE', NULL, NULL, NULL, NULL, NULL, '2025-11-12 14:41:34.754179+00', '2025-11-12 14:41:34.754181+00', NULL, NULL);
INSERT INTO public.positions VALUES ('b9269974-59db-839a-158b-968c67bbfef3', 'ab46c3c0-ed71-6f5b-b3f3-d36fa65e210c', 'FO_REAL_ASSET_REIT', 'LONG', 1.0000, 106632.6500, '2025-06-30', NULL, NULL, NULL, NULL, NULL, 'PRIVATE', 'PRIVATE_REIT', NULL, NULL, NULL, NULL, '2025-11-12 14:41:34.763716+00', '2025-11-12 14:41:34.763718+00', NULL, NULL);
INSERT INTO public.positions VALUES ('18997fa6-c9ba-170b-5f63-9646bfd2e5f9', 'ab46c3c0-ed71-6f5b-b3f3-d36fa65e210c', 'FO_VC_SECONDARIES', 'LONG', 1.0000, 140561.2200, '2025-06-30', NULL, NULL, NULL, NULL, NULL, 'PRIVATE', 'VENTURE_CAPITAL', NULL, NULL, NULL, NULL, '2025-11-12 14:41:34.77516+00', '2025-11-12 14:41:34.775163+00', NULL, NULL);
INSERT INTO public.positions VALUES ('04a1f22b-66b7-0673-8724-8dde91a28922', 'e23ab931-a033-edfe-ed4f-9d02474780b4', 'SPY', 'LONG', 307.6500, 616.1418, '2025-06-30', NULL, NULL, NULL, NULL, NULL, 'PUBLIC', NULL, 683.0000, 210124.95, 20568.93, NULL, '2025-10-30 05:16:47.15471+00', '2025-11-12 14:42:01.515745+00', NULL, NULL);
INSERT INTO public.positions VALUES ('0b5a35ff-fe60-8350-502d-bd76e57f8124', '1d8ddd95-3b45-0ac5-35bf-cf81af94a5fe', 'AMZN', 'LONG', 102.8800, 219.3900, '2025-06-30', NULL, NULL, NULL, NULL, NULL, 'PUBLIC', NULL, 249.1000, 25627.41, 3056.56, NULL, '2025-10-30 05:16:47.131088+00', '2025-11-12 14:42:01.515751+00', NULL, NULL);
INSERT INTO public.positions VALUES ('0efb5a22-9457-79db-c621-b421158910ad', '9381dd8d-db58-9843-f5e4-4eea0ae62e9a', 'IGV', 'LONG', 473.0000, 109.5000, '2025-06-30', NULL, NULL, NULL, NULL, NULL, 'PUBLIC', NULL, 111.0300, 52517.19, 723.69, NULL, '2025-11-12 14:41:34.620849+00', '2025-11-12 14:42:01.515752+00', NULL, NULL);
INSERT INTO public.positions VALUES ('188ae516-c75d-380d-4206-37e0928a9cd6', '1d8ddd95-3b45-0ac5-35bf-cf81af94a5fe', 'MSFT', 'LONG', 42.9500, 496.5937, '2025-06-30', NULL, NULL, NULL, NULL, NULL, 'PUBLIC', NULL, 508.6800, 21847.81, 519.11, NULL, '2025-10-30 05:16:47.12943+00', '2025-11-12 14:42:01.515752+00', NULL, NULL);
INSERT INTO public.positions VALUES ('1a8200df-ab34-1413-b69a-59d615939323', '1d8ddd95-3b45-0ac5-35bf-cf81af94a5fe', 'TSLA', 'LONG', 65.9200, 317.6600, '2025-06-30', NULL, NULL, NULL, NULL, NULL, 'PUBLIC', NULL, 439.6200, 28979.75, 8039.60, NULL, '2025-10-30 05:16:47.134087+00', '2025-11-12 14:42:01.515753+00', NULL, NULL);
INSERT INTO public.positions VALUES ('1d91c2ac-483c-bdcc-b443-14612d35b3f9', '9381dd8d-db58-9843-f5e4-4eea0ae62e9a', 'XLK', 'LONG', 710.0000, 252.9050, '2025-06-30', NULL, NULL, NULL, NULL, NULL, 'PUBLIC', NULL, 293.0100, 208037.10, 28474.55, NULL, '2025-11-12 14:41:34.674842+00', '2025-11-12 14:42:01.515753+00', NULL, NULL);
INSERT INTO public.positions VALUES ('2d6cc211-4ec7-bbb1-b793-f207bd1f30cb', '9381dd8d-db58-9843-f5e4-4eea0ae62e9a', 'SMH', 'LONG', 592.0000, 278.8800, '2025-06-30', NULL, NULL, NULL, NULL, NULL, 'PUBLIC', NULL, 351.0500, 207821.60, 42724.64, NULL, '2025-11-12 14:41:34.664869+00', '2025-11-12 14:42:01.515754+00', NULL, NULL);
INSERT INTO public.positions VALUES ('3166839b-226d-280c-82ef-5e0b8c1732fb', '1d8ddd95-3b45-0ac5-35bf-cf81af94a5fe', 'FCNTX', 'LONG', 4597.7900, 23.3300, '2025-06-30', NULL, NULL, NULL, NULL, NULL, 'PUBLIC', NULL, 24.9700, 114806.82, 7540.38, NULL, '2025-10-30 05:16:47.142088+00', '2025-11-12 14:42:01.515756+00', NULL, NULL);
INSERT INTO public.positions VALUES ('320845df-f925-9e6a-4533-bbfdbf63b743', 'fcd71196-e93e-f000-5a74-31a9eead3118', 'AAPL', 'LONG', 1332.5100, 204.9374, '2025-06-30', NULL, NULL, NULL, NULL, NULL, 'PUBLIC', NULL, 275.2500, 366773.38, 93692.24, NULL, '2025-10-30 05:16:47.200359+00', '2025-11-12 14:42:01.515756+00', NULL, NULL);
INSERT INTO public.positions VALUES ('3ce55e08-5aa9-1f5a-07fa-85c96e67145f', 'e23ab931-a033-edfe-ed4f-9d02474780b4', 'VTI', 'LONG', 616.3300, 303.0875, '2025-06-30', NULL, NULL, NULL, NULL, NULL, 'PUBLIC', NULL, 335.7400, 206926.63, 20124.72, NULL, '2025-10-30 05:16:47.156707+00', '2025-11-12 14:42:01.515758+00', NULL, NULL);
INSERT INTO public.positions VALUES ('3dd6a6d0-ccd0-92c2-72b7-a573258a7265', 'fcd71196-e93e-f000-5a74-31a9eead3118', 'NVDA', 'LONG', 710.6700, 157.9811, '2025-06-30', NULL, NULL, NULL, NULL, NULL, 'PUBLIC', NULL, 193.1600, 137273.02, 25000.59, NULL, '2025-10-30 05:16:47.198359+00', '2025-11-12 14:42:01.515759+00', NULL, NULL);
INSERT INTO public.positions VALUES ('3e63532a-7d38-1953-9520-b4f19989bace', '1d8ddd95-3b45-0ac5-35bf-cf81af94a5fe', 'VTIAX', 'LONG', 919.9500, 36.9219, '2025-06-30', NULL, NULL, NULL, NULL, NULL, 'PUBLIC', NULL, 40.4800, 37239.58, 3273.27, NULL, '2025-10-30 05:16:47.144087+00', '2025-11-12 14:42:01.515759+00', NULL, NULL);
INSERT INTO public.positions VALUES ('4c616b89-6471-9603-b859-ee4f3fe234d7', 'fcd71196-e93e-f000-5a74-31a9eead3118', 'JNJ', 'LONG', 710.6700, 151.6370, '2025-06-30', NULL, NULL, NULL, NULL, NULL, 'PUBLIC', NULL, 193.8300, 137749.17, 29985.30, NULL, '2025-10-30 05:16:47.211359+00', '2025-11-12 14:42:01.51576+00', NULL, NULL);
INSERT INTO public.positions VALUES ('5075c4ae-3890-a929-a6a2-56b6c976a69c', '9381dd8d-db58-9843-f5e4-4eea0ae62e9a', 'AVGO', 'LONG', 166.0000, 275.1785, '2025-06-30', NULL, NULL, NULL, NULL, NULL, 'PUBLIC', NULL, 351.9600, 58425.36, 12745.73, NULL, '2025-11-12 14:41:34.590352+00', '2025-11-12 14:42:01.515761+00', NULL, NULL);
INSERT INTO public.positions VALUES ('53d23a72-a2a1-6dd3-6350-ba1a3ae0f22c', '1d8ddd95-3b45-0ac5-35bf-cf81af94a5fe', 'GOOGL', 'LONG', 108.8700, 176.0725, '2025-06-30', NULL, NULL, NULL, NULL, NULL, 'PUBLIC', NULL, 291.3100, 31714.92, 12545.91, NULL, '2025-10-30 05:16:47.132088+00', '2025-11-12 14:42:01.515763+00', NULL, NULL);
INSERT INTO public.positions VALUES ('682ab181-0af6-b0ab-09d3-ffc62f0781f6', 'e23ab931-a033-edfe-ed4f-9d02474780b4', 'AMZN', 'LONG', 369.8000, 219.3900, '2025-06-30', NULL, NULL, NULL, NULL, NULL, 'PUBLIC', NULL, 249.1000, 92117.18, 10986.76, NULL, '2025-10-30 05:16:47.161708+00', '2025-11-12 14:42:01.515763+00', NULL, NULL);
INSERT INTO public.positions VALUES ('6c47d993-da00-378e-67ad-c51db20468be', 'e23ab931-a033-edfe-ed4f-9d02474780b4', 'JPM', 'LONG', 269.9500, 287.1241, '2025-06-30', NULL, NULL, NULL, NULL, NULL, 'PUBLIC', NULL, 315.6200, 85201.62, 7692.47, NULL, '2025-10-30 05:16:47.165708+00', '2025-11-12 14:42:01.515763+00', NULL, NULL);
INSERT INTO public.positions VALUES ('6fb816bf-9427-28ad-c421-4add76c2f205', '9381dd8d-db58-9843-f5e4-4eea0ae62e9a', 'SCHD', 'LONG', 769.0000, 26.2485, '2025-06-30', NULL, NULL, NULL, NULL, NULL, 'PUBLIC', NULL, 27.1800, 20901.42, 716.32, NULL, '2025-11-12 14:41:34.655604+00', '2025-11-12 14:42:01.515764+00', NULL, NULL);
INSERT INTO public.positions VALUES ('7a596a8d-6e89-25bb-d017-38a42bf94099', 'fcd71196-e93e-f000-5a74-31a9eead3118', 'MSFT', 'LONG', 888.3400, 496.5937, '2025-06-30', NULL, NULL, NULL, NULL, NULL, 'PUBLIC', NULL, 508.6800, 451880.79, 10736.74, NULL, '2025-10-30 05:16:47.199359+00', '2025-11-12 14:42:01.515766+00', NULL, NULL);
INSERT INTO public.positions VALUES ('7ea85651-9f75-a778-4a7d-ae926f541f47', '9381dd8d-db58-9843-f5e4-4eea0ae62e9a', 'JEPQ', 'LONG', 827.0000, 52.2119, '2025-06-30', NULL, NULL, NULL, NULL, NULL, 'PUBLIC', NULL, 58.7200, 48561.44, 5382.20, NULL, '2025-11-12 14:41:34.629967+00', '2025-11-12 14:42:01.515767+00', NULL, NULL);
INSERT INTO public.positions VALUES ('7f53ee23-8789-e57c-bdd9-b8b0f04478a3', '1d8ddd95-3b45-0ac5-35bf-cf81af94a5fe', 'JNJ', 'LONG', 99.8800, 151.6370, '2025-06-30', NULL, NULL, NULL, NULL, NULL, 'PUBLIC', NULL, 193.8300, 19359.74, 4214.24, NULL, '2025-10-30 05:16:47.137087+00', '2025-11-12 14:42:01.515767+00', NULL, NULL);
INSERT INTO public.positions VALUES ('80cde7d3-e110-ae06-b01e-4e43fdabbf8e', '1d8ddd95-3b45-0ac5-35bf-cf81af94a5fe', 'JPM', 'LONG', 80.9000, 287.1241, '2025-06-30', NULL, NULL, NULL, NULL, NULL, 'PUBLIC', NULL, 315.6200, 25533.66, 2305.32, NULL, '2025-10-30 05:16:47.138087+00', '2025-11-12 14:42:01.515768+00', NULL, NULL);
INSERT INTO public.positions VALUES ('86aaf31b-7d66-9172-003c-d136948a10f8', 'e23ab931-a033-edfe-ed4f-9d02474780b4', 'BRK-B', 'LONG', 138.5400, 485.7700, '2025-06-30', NULL, NULL, NULL, NULL, NULL, 'PUBLIC', NULL, 497.0700, 68864.08, 1565.50, NULL, '2025-10-30 05:16:47.164708+00', '2025-11-12 14:42:01.51577+00', NULL, NULL);
INSERT INTO public.positions VALUES ('878d19d7-5660-22c4-d55e-276cd1a3d29d', 'e23ab931-a033-edfe-ed4f-9d02474780b4', 'V', 'LONG', 131.4100, 354.4264, '2025-06-30', NULL, NULL, NULL, NULL, NULL, 'PUBLIC', NULL, 338.9200, 44537.48, -2037.70, NULL, '2025-10-30 05:16:47.172708+00', '2025-11-12 14:42:01.51577+00', NULL, NULL);
INSERT INTO public.positions VALUES ('8d0b5332-693d-42b1-2713-8bf92c44bece', 'e23ab931-a033-edfe-ed4f-9d02474780b4', 'GLD', 'LONG', 250.6000, 304.8300, '2025-06-30', NULL, NULL, NULL, NULL, NULL, 'PUBLIC', NULL, 379.8700, 95195.42, 18805.02, NULL, '2025-10-30 05:16:47.176708+00', '2025-11-12 14:42:01.515771+00', NULL, NULL);
INSERT INTO public.positions VALUES ('8e439497-f28b-8f9c-f51e-0999ee5b77ab', '1d8ddd95-3b45-0ac5-35bf-cf81af94a5fe', 'NVDA', 'LONG', 23.9700, 157.9811, '2025-06-30', NULL, NULL, NULL, NULL, NULL, 'PUBLIC', NULL, 193.1600, 4630.05, 843.24, NULL, '2025-10-30 05:16:47.135088+00', '2025-11-12 14:42:01.515771+00', NULL, NULL);
INSERT INTO public.positions VALUES ('95302b7d-163c-c07d-968b-1e845d74e758', '1d8ddd95-3b45-0ac5-35bf-cf81af94a5fe', 'FMAGX', 'LONG', 3677.8300, 15.6700, '2025-06-30', NULL, NULL, NULL, NULL, NULL, 'PUBLIC', NULL, 15.8800, 58403.94, 772.34, NULL, '2025-10-30 05:16:47.143088+00', '2025-11-12 14:42:01.515772+00', NULL, NULL);
INSERT INTO public.positions VALUES ('97881ed6-9616-f0eb-11a8-7e87020649fc', '9381dd8d-db58-9843-f5e4-4eea0ae62e9a', 'ASML', 'LONG', 189.0000, 797.9467, '2025-06-30', NULL, NULL, NULL, NULL, NULL, 'PUBLIC', NULL, 1022.4200, 193237.38, 42425.45, NULL, '2025-11-12 14:41:34.581563+00', '2025-11-12 14:42:01.515773+00', NULL, NULL);
INSERT INTO public.positions VALUES ('9b2e5b34-8413-6545-3203-0cae48033836', '9381dd8d-db58-9843-f5e4-4eea0ae62e9a', 'LULU', 'LONG', 355.0000, 237.5800, '2025-06-30', NULL, NULL, NULL, NULL, NULL, 'PUBLIC', NULL, 169.8100, 60282.55, -24058.35, NULL, '2025-11-12 14:41:34.638267+00', '2025-11-12 14:42:01.515773+00', NULL, NULL);
INSERT INTO public.positions VALUES ('9b52c562-c3a9-3137-3c64-70dd03b1bf3e', '1d8ddd95-3b45-0ac5-35bf-cf81af94a5fe', 'BND', 'LONG', 298.6600, 72.4414, '2025-06-30', NULL, NULL, NULL, NULL, NULL, 'PUBLIC', NULL, 74.5200, 22256.14, 620.79, NULL, '2025-10-30 05:16:47.147709+00', '2025-11-12 14:42:01.515774+00', NULL, NULL);
INSERT INTO public.positions VALUES ('9e040399-8271-ff5b-4ffd-e7c00117f520', '1d8ddd95-3b45-0ac5-35bf-cf81af94a5fe', 'FXNAX', 'LONG', 4137.3100, 10.3446, '2025-06-30', NULL, NULL, NULL, NULL, NULL, 'PUBLIC', NULL, 10.6000, 43855.49, 1056.67, NULL, '2025-10-30 05:16:47.140088+00', '2025-11-12 14:42:01.515774+00', NULL, NULL);
INSERT INTO public.positions VALUES ('a023aa9e-85c2-2f74-5236-24a86240e54f', 'e23ab931-a033-edfe-ed4f-9d02474780b4', 'PG', 'LONG', 192.5300, 157.1390, '2025-06-30', NULL, NULL, NULL, NULL, NULL, 'PUBLIC', NULL, 148.5400, 28598.41, -1655.57, NULL, '2025-10-30 05:16:47.175709+00', '2025-11-12 14:42:01.515775+00', NULL, NULL);
INSERT INTO public.positions VALUES ('a184ff6f-cc91-94a6-49db-0916ec29007e', 'e23ab931-a033-edfe-ed4f-9d02474780b4', 'QQQ', 'LONG', 346.3600, 551.0012, '2025-06-30', NULL, NULL, NULL, NULL, NULL, 'PUBLIC', NULL, 621.5700, 215286.99, 24442.21, NULL, '2025-10-30 05:16:47.155708+00', '2025-11-12 14:42:01.515775+00', NULL, NULL);
INSERT INTO public.positions VALUES ('a90785d4-70ce-f9ef-35e3-b940b507cad9', 'fcd71196-e93e-f000-5a74-31a9eead3118', 'GOOGL', 'LONG', 1599.0100, 176.0725, '2025-06-30', NULL, NULL, NULL, NULL, NULL, 'PUBLIC', NULL, 291.3100, 465807.60, 184265.91, NULL, '2025-10-30 05:16:47.202358+00', '2025-11-12 14:42:01.515776+00', NULL, NULL);
INSERT INTO public.positions VALUES ('ab25cfb1-db65-603c-921e-34f726a2eb32', 'e23ab931-a033-edfe-ed4f-9d02474780b4', 'GOOGL', 'LONG', 385.0800, 176.0725, '2025-06-30', NULL, NULL, NULL, NULL, NULL, 'PUBLIC', NULL, 291.3100, 112177.65, 44375.66, NULL, '2025-10-30 05:16:47.162708+00', '2025-11-12 14:42:01.515776+00', NULL, NULL);
INSERT INTO public.positions VALUES ('adcc1ad5-2178-07ab-63af-b5a2880daef4', 'fcd71196-e93e-f000-5a74-31a9eead3118', 'AMZN', 'LONG', 1243.6700, 219.3900, '2025-06-30', NULL, NULL, NULL, NULL, NULL, 'PUBLIC', NULL, 249.1000, 309798.20, 36949.44, NULL, '2025-10-30 05:16:47.204358+00', '2025-11-12 14:42:01.515777+00', NULL, NULL);
INSERT INTO public.positions VALUES ('aeb66d20-698a-5e0b-da3a-cbab2f7d8c9b', '9381dd8d-db58-9843-f5e4-4eea0ae62e9a', 'XLY', 'LONG', 532.0000, 216.9474, '2025-06-30', NULL, NULL, NULL, NULL, NULL, 'PUBLIC', NULL, 239.5500, 127440.60, 12024.58, NULL, '2025-11-12 14:41:34.684285+00', '2025-11-12 14:42:01.515777+00', NULL, NULL);
INSERT INTO public.positions VALUES ('af97d2ce-6e4b-4df0-c34b-af67de63a5d8', 'e23ab931-a033-edfe-ed4f-9d02474780b4', 'TSLA', 'LONG', 58.0600, 317.6600, '2025-06-30', NULL, NULL, NULL, NULL, NULL, 'PUBLIC', NULL, 439.6200, 25524.34, 7081.00, NULL, '2025-11-12 14:41:34.54157+00', '2025-11-12 14:42:01.515778+00', NULL, NULL);
INSERT INTO public.positions VALUES ('b1f9b995-b655-51c8-8db9-2264ea032ded', 'fcd71196-e93e-f000-5a74-31a9eead3118', 'C', 'SHORT', -1273.8600, 84.0626, '2025-06-30', NULL, NULL, NULL, NULL, NULL, 'PUBLIC', NULL, 100.7600, -128354.13, -21270.15, NULL, '2025-10-30 05:16:47.225951+00', '2025-11-12 14:42:01.515778+00', NULL, NULL);
INSERT INTO public.positions VALUES ('b3d647ff-5cb2-e819-4acb-d78bc77df73f', 'e23ab931-a033-edfe-ed4f-9d02474780b4', 'DJP', 'LONG', 1462.9100, 33.9800, '2025-06-30', NULL, NULL, NULL, NULL, NULL, 'PUBLIC', NULL, 37.6000, 55005.42, 5295.73, NULL, '2025-10-30 05:16:47.178708+00', '2025-11-12 14:42:01.515779+00', NULL, NULL);
INSERT INTO public.positions VALUES ('b41742a1-28f4-05d9-97a5-2262a036300d', '1d8ddd95-3b45-0ac5-35bf-cf81af94a5fe', 'V', 'LONG', 46.9400, 354.4264, '2025-06-30', NULL, NULL, NULL, NULL, NULL, 'PUBLIC', NULL, 338.9200, 15908.90, -727.87, NULL, '2025-10-30 05:16:47.139088+00', '2025-11-12 14:42:01.51578+00', NULL, NULL);
INSERT INTO public.positions VALUES ('d0a8d4ee-e08e-3db4-6dad-a50265181edf', '9381dd8d-db58-9843-f5e4-4eea0ae62e9a', 'NEE', 'LONG', 592.0000, 68.8873, '2025-06-30', NULL, NULL, NULL, NULL, NULL, 'PUBLIC', NULL, 85.7600, 50769.92, 9988.64, NULL, '2025-11-12 14:41:34.64704+00', '2025-11-12 14:42:01.51578+00', NULL, NULL);
INSERT INTO public.positions VALUES ('d87198fe-da1b-430b-f13a-c95c55542288', '1d8ddd95-3b45-0ac5-35bf-cf81af94a5fe', 'VTI', 'LONG', 146.8300, 303.0875, '2025-06-30', NULL, NULL, NULL, NULL, NULL, 'PUBLIC', NULL, 335.7400, 49296.70, 4794.37, NULL, '2025-10-30 05:16:47.146088+00', '2025-11-12 14:42:01.51578+00', NULL, NULL);
INSERT INTO public.positions VALUES ('dc30612d-684d-56c3-899b-840f7f8586db', '9381dd8d-db58-9843-f5e4-4eea0ae62e9a', 'BIL', 'LONG', 1089.0000, 90.1800, '2025-06-30', NULL, NULL, NULL, NULL, NULL, 'PUBLIC', NULL, 91.5400, 99687.06, 1481.04, NULL, '2025-11-12 14:41:34.600204+00', '2025-11-12 14:42:01.515781+00', NULL, NULL);
INSERT INTO public.positions VALUES ('e41514ab-1682-fa5d-d234-74416b20380d', 'fcd71196-e93e-f000-5a74-31a9eead3118', 'V', 'LONG', 310.4300, 354.4264, '2025-06-30', NULL, NULL, NULL, NULL, NULL, 'PUBLIC', NULL, 338.9200, 105210.94, -4813.65, NULL, '2025-10-30 05:16:47.214359+00', '2025-11-12 14:42:01.515781+00', NULL, NULL);
INSERT INTO public.positions VALUES ('e5c47dac-2ede-8f14-7607-f2e6ef3f23a6', '1d8ddd95-3b45-0ac5-35bf-cf81af94a5fe', 'VNQ', 'LONG', 201.7700, 88.2174, '2025-06-30', NULL, NULL, NULL, NULL, NULL, 'PUBLIC', NULL, 91.1900, 18399.41, 599.78, NULL, '2025-10-30 05:16:47.148709+00', '2025-11-12 14:42:01.515782+00', NULL, NULL);
INSERT INTO public.positions VALUES ('ef1fca64-3598-5351-0e5c-f83f47cf3e46', '1d8ddd95-3b45-0ac5-35bf-cf81af94a5fe', 'AAPL', 'LONG', 80.9000, 204.9374, '2025-06-30', NULL, NULL, NULL, NULL, NULL, 'PUBLIC', NULL, 275.2500, 22267.73, 5688.29, NULL, '2025-10-30 05:16:47.116728+00', '2025-11-12 14:42:01.515782+00', NULL, NULL);
INSERT INTO public.positions VALUES ('f3c9e7c6-0d27-7efb-0130-7e8533a78312', 'fcd71196-e93e-f000-5a74-31a9eead3118', 'GE', 'SHORT', -671.5800, 256.7010, '2025-06-30', NULL, NULL, NULL, NULL, NULL, 'PUBLIC', NULL, 310.7200, -208673.34, -36278.08, NULL, '2025-10-30 05:16:47.224359+00', '2025-11-12 14:42:01.515783+00', NULL, NULL);
INSERT INTO public.positions VALUES ('f431d9ba-bc1a-6fec-6974-f9bcebea0e1f', 'e23ab931-a033-edfe-ed4f-9d02474780b4', 'JNJ', 'LONG', 238.3700, 151.6370, '2025-06-30', NULL, NULL, NULL, NULL, NULL, 'PUBLIC', NULL, 193.8300, 46203.26, 10057.55, NULL, '2025-10-30 05:16:47.167708+00', '2025-11-12 14:42:01.515783+00', NULL, NULL);
INSERT INTO public.positions VALUES ('f81eefb4-4f25-83eb-03e5-950c0895da49', 'fcd71196-e93e-f000-5a74-31a9eead3118', 'NFLX', 'SHORT', -503.6900, 1339.1300, '2025-06-30', NULL, NULL, NULL, NULL, NULL, 'PUBLIC', NULL, 1136.4399, -572413.41, 102092.98, NULL, '2025-10-30 05:16:47.215359+00', '2025-11-12 14:42:01.515784+00', NULL, NULL);
INSERT INTO public.positions VALUES ('f8e082c5-00a3-fc49-3a2e-2623ba1e60fe', 'e23ab931-a033-edfe-ed4f-9d02474780b4', 'META', 'LONG', 69.2600, 737.5922, '2025-06-30', NULL, NULL, NULL, NULL, NULL, 'PUBLIC', NULL, 627.0800, 43431.56, -7654.07, NULL, '2025-10-30 05:16:47.169708+00', '2025-11-12 14:42:01.515784+00', NULL, NULL);
INSERT INTO public.positions VALUES ('fd795ed9-5613-bd49-915f-1334ff25e5a8', '9381dd8d-db58-9843-f5e4-4eea0ae62e9a', 'COST', 'LONG', 260.0000, 987.1738, '2025-06-30', NULL, NULL, NULL, NULL, NULL, 'PUBLIC', NULL, 913.8600, 237603.60, -19061.59, NULL, '2025-11-12 14:41:34.609975+00', '2025-11-12 14:42:01.515785+00', NULL, NULL);
